{
	"comments": {
		// symbol used for single line comment. Remove this entry if your language does not support line comments
		"lineComment": "//",
		// symbols used for start and end a block comment. Remove this entry if your language does not support block comments
		"blockComment": [ "/*", "*/" ]
	},
	// symbols used as brackets
	"brackets": [
		["{", "}"],
		["[", "]"],
		["(", ")"],
		["case", "endcase"],
		["function", "endfunction"],
		["module", "endmodule"],
		["task", "endtask"]
	],

	"autoClosingPairs": [
		{"open":"(", "close":")", "notIn":["string", "comment"]},
		{"open":"[", "close":"]", "notIn":["string", "comment"]},
		{"open":"{", "close":"}", "notIn":["string", "comment"]}
	]
}